<?xml version="1.0" encoding="UTF-8"?>

<beans xmlns="http://www.springframework.org/schema/beans"
	xmlns:xsi="http://www.w3.org/2001/XMLSchema-instance"
	xmlns:mvc="http://www.springframework.org/schema/mvc"
	xmlns:context="http://www.springframework.org/schema/context"
	xmlns:p="http://www.springframework.org/schema/p"
	xsi:schemaLocation="http://www.springframework.org/schema/mvc http://www.springframework.org/schema/mvc/spring-mvc.xsd
		http://www.springframework.org/schema/beans http://www.springframework.org/schema/beans/spring-beans.xsd
		http://www.springframework.org/schema/context http://www.springframework.org/schema/context/spring-context.xsd">

    <!-- Uncomment and your base-package here:
         <context:component-scan
            base-package="org.springframework.samples.web"/>  -->
	<bean id="datasource"
		class="org.springframework.jdbc.datasource.DriverManagerDataSource"
		p:driverClassName="oracle.jdbc.driver.OracleDriver" p:url="jdbc:oracle:thin:@127.0.0.1:1521:xe"
		p:username="hr" p:password="hr"></bean>

	

	<bean id="sqlSessionFactory" class="org.mybatis.spring.SqlSessionFactoryBean"
		p:dataSource-ref="datasource" p:configLocation="classpath:/mybatis-config.xml"></bean>
	<bean id="sqlSession" class="org.mybatis.spring.SqlSessionTemplate">
		<constructor-arg ref="sqlSessionFactory"></constructor-arg>
	</bean>
    <mvc:annotation-driven />
		<bean class="org.springframework.web.servlet.mvc.support.ControllerClassNameHandlerMapping"></bean>
	<context:component-scan 
		base-package="controller,dao,model">
	</context:component-scan>
	 <bean id="multipartResolver"
class=
"org.springframework.web.multipart.commons.CommonsMultipartResolver"
	p:maxInMemorySize="5242880"
	p:maxUploadSize="5242880"></bean>
	<bean class="org.springframework.web.servlet.view.InternalResourceViewResolver">
	        <!-- Example: a logical view name of 'showMessage' is mapped to '/WEB-INF/jsp/showMessage.jsp' -->
	        <property name="prefix" value="/"/>
	        <property name="suffix" value=".jsp"/>
	</bean>
	<!-- 파일 업로드 디렉토리 설정 -->
	<bean id="uploadPath" class="java.lang.String">
		<constructor-arg value="C:\\Users\\Uk\\Desktop\\UdongProject\\uploadImage"/>			
	</bean>
	
	
</beans>
